feature,coefficient
averageOverallScoreWithMedication_lag_1,0.8754239648377259
averageOverallScoreWithMedication_lag_2,0.13973901519844034
POAC,0.05425906903417332
averageOverallScoreWithMedication_avg_prev_5,0.04910104902510491
POAC_avg_prev_5,-0.040001157682306096
birch,0.03917352725246301
averageOverallScoreWithMedication_avg_prev_3,0.03296173965480534
birch_avg_prev_7,-0.009901326029755478
birch_lag_2,-0.00603972520138614
POAC_lag_3,-0.0037231019502629048
birch_lag_1,-0.0012662452755639562
